[
  {
    "id": 1,
    "name": "Hambúrguer Clássico",
    "description": "Pão artesanal, carne 180g, queijo cheddar e molho especial da casa.",
    "price": 24.90,
    "image": "http://0.0.0.0:3000/assets/1.jpg"
  },
  {
    "id": 2,
    "name": "Pizza Margherita",
    "description": "Mussarela de búfala, tomate fresco e manjericão.",
    "price": 39.90,
    "image": "http://0.0.0.0:3000/assets/2.jpg"
  },
  {
    "id": 3,
    "name": "Frango Frito (Balde)",
    "description": "10 peças de frango crocante temperado.",
    "price": 49.90,
    "image": "http://0.0.0.0:3000/assets/3.jpg"
  },
  {
    "id": 4,
    "name": "Refrigerante Lata",
    "description": "Coca-Cola, Guaraná ou Fanta.",
    "price": 5.00,
    "image": "http://0.0.0.0:3000/assets/4.jpg"
  },
  {
    "id": 5,
    "name": "Batata Frita Média",
    "description": "Porção de batatas fritas crocantes com maionese da casa.",
    "price": 12.00,
    "image": "http://0.0.0.0:3000/assets/5.jpg"
  },
  {
    "id": 6,
    "name": "Milkshake de Chocolate",
    "description": "Milkshake cremoso de chocolate com 400ml.",
    "price": 18.00,
    "image": "http://0.0.0.0:3000/assets/6.jpg"
  },
  {
    "id": 7,
    "name": "Torta de Limão",
    "description": "Fatia de torta de limão com merengue.",
    "price": 14.50,
    "image": "http://0.0.0.0:3000/assets/7.jpg"
  },
  {
    "id": 8,
    "name": "Água Mineral",
    "description": "Garrafa de 500ml, com ou sem gás.",
    "price": 4.00,
    "image": "http://0.0.0.0:3000/assets/8.png"
  }
]